auc,accuracy
0.8346311045902326,0.8102345415778252
